id_short	id_full	id_full_underscore	id_abbr	genus	species	subspecies
GV01	Gardnerella vaginalis 00703Bmash	Gardnerella_vaginalis_00703Bmash	G. vaginalis 00703Bmash	Gardnerella	vaginalis	NA
GV02	Gardnerella vaginalis 00703C2mash	Gardnerella_vaginalis_00703C2mash	G. vaginalis 00703C2mash	Gardnerella	vaginalis	NA
GV03	Gardnerella vaginalis 00703Dmash	Gardnerella_vaginalis_00703Dmash	G. vaginalis 00703Dmash	Gardnerella	vaginalis	NA
GV04	Gardnerella vaginalis 0288E	Gardnerella_vaginalis_0288E	G. vaginalis 0288E	Gardnerella	vaginalis	NA
GV05	Gardnerella vaginalis 101	Gardnerella_vaginalis_101	G. vaginalis 101	Gardnerella	vaginalis	NA
GV06	Gardnerella vaginalis 1400E	Gardnerella_vaginalis_1400E	G. vaginalis 1400E	Gardnerella	vaginalis	NA
GV07	Gardnerella vaginalis 1500E	Gardnerella_vaginalis_1500E	G. vaginalis 1500E	Gardnerella	vaginalis	NA
GV08	Gardnerella vaginalis 284V	Gardnerella_vaginalis_284V	G. vaginalis 284V	Gardnerella	vaginalis	NA
GV09	Gardnerella vaginalis 315-A	Gardnerella_vaginalis_315-A	G. vaginalis 315-A	Gardnerella	vaginalis	NA
GV10	Gardnerella vaginalis 409-05	Gardnerella_vaginalis_409-05	G. vaginalis 409-05	Gardnerella	vaginalis	NA
GV11	Gardnerella vaginalis 41V	Gardnerella_vaginalis_41V	G. vaginalis 41V	Gardnerella	vaginalis	NA
GV12	Gardnerella vaginalis 5-1	Gardnerella_vaginalis_5-1	G. vaginalis 5-1	Gardnerella	vaginalis	NA
GV13	Gardnerella vaginalis 55152	Gardnerella_vaginalis_55152	G. vaginalis 55152	Gardnerella	vaginalis	NA
GV14	Gardnerella vaginalis 6119V5	Gardnerella_vaginalis_6119V5	G. vaginalis 6119V5	Gardnerella	vaginalis	NA
GV15	Gardnerella vaginalis 6420B	Gardnerella_vaginalis_6420B	G. vaginalis 6420B	Gardnerella	vaginalis	NA
GV16	Gardnerella vaginalis 75712	Gardnerella_vaginalis_75712	G. vaginalis 75712	Gardnerella	vaginalis	NA
GV17	Gardnerella vaginalis AMD	Gardnerella_vaginalis_AMD	G. vaginalis AMD	Gardnerella	vaginalis	NA
GV18	Gardnerella vaginalis ATCC 14018	Gardnerella_vaginalis_ATCC_14018	G. vaginalis ATCC 14018	Gardnerella	vaginalis	NA
GV19	Gardnerella vaginalis ATCC 14019	Gardnerella_vaginalis_ATCC_14019	G. vaginalis ATCC 14019	Gardnerella	vaginalis	NA
GV20	Gardnerella vaginalis HMP9231	Gardnerella_vaginalis_HMP9231	G. vaginalis HMP9231	Gardnerella	vaginalis	NA
GV21	Gardnerella vaginalis JCP7275	Gardnerella_vaginalis_JCP7275	G. vaginalis JCP7275	Gardnerella	vaginalis	NA
GV22	Gardnerella vaginalis JCP7276	Gardnerella_vaginalis_JCP7276	G. vaginalis JCP7276	Gardnerella	vaginalis	NA
GV23	Gardnerella vaginalis JCP7659	Gardnerella_vaginalis_JCP7659	G. vaginalis JCP7659	Gardnerella	vaginalis	NA
GV24	Gardnerella vaginalis JCP7672	Gardnerella_vaginalis_JCP7672	G. vaginalis JCP7672	Gardnerella	vaginalis	NA
GV25	Gardnerella vaginalis JCP7719	Gardnerella_vaginalis_JCP7719	G. vaginalis JCP7719	Gardnerella	vaginalis	NA
GV26	Gardnerella vaginalis JCP8017A	Gardnerella_vaginalis_JCP8017A	G. vaginalis JCP8017A	Gardnerella	vaginalis	NA
GV27	Gardnerella vaginalis JCP8017B	Gardnerella_vaginalis_JCP8017B	G. vaginalis JCP8017B	Gardnerella	vaginalis	NA
GV28	Gardnerella vaginalis JCP8066	Gardnerella_vaginalis_JCP8066	G. vaginalis JCP8066	Gardnerella	vaginalis	NA
GV29	Gardnerella vaginalis JCP8070	Gardnerella_vaginalis_JCP8070	G. vaginalis JCP8070	Gardnerella	vaginalis	NA
GV30	Gardnerella vaginalis JCP8108	Gardnerella_vaginalis_JCP8108	G. vaginalis JCP8108	Gardnerella	vaginalis	NA
GV31	Gardnerella vaginalis JCP8151A	Gardnerella_vaginalis_JCP8151A	G. vaginalis JCP8151A	Gardnerella	vaginalis	NA
GV32	Gardnerella vaginalis JCP8151B	Gardnerella_vaginalis_JCP8151B	G. vaginalis JCP8151B	Gardnerella	vaginalis	NA
GV33	Gardnerella vaginalis JCP8481A	Gardnerella_vaginalis_JCP8481A	G. vaginalis JCP8481A	Gardnerella	vaginalis	NA
GV34	Gardnerella vaginalis JCP8481B	Gardnerella_vaginalis_JCP8481B	G. vaginalis JCP8481B	Gardnerella	vaginalis	NA
GV35	Gardnerella vaginalis JCP8522	Gardnerella_vaginalis_JCP8522	G. vaginalis JCP8522	Gardnerella	vaginalis	NA
ADO1	Bifidobacterium adolescentis L2-32	Bifidobacterium_adolescentis_L2-32	B. adolescentis L2-32	Bifidobacterium	adolescentis	NA
ANI1	Bifidobacterium animalis subsp lactis B420	Bifidobacterium_animalis_subsp_lactis_B420	B. animalis subsp lactis B420	Bifidobacterium	animalis	lactis
ANI2	Bifidobacterium animalis subsp lactis Bi-07	Bifidobacterium_animalis_subsp_lactis_Bi-07	B. animalis subsp lactis Bi-07	Bifidobacterium	animalis	lactis
ANI3	Bifidobacterium animalis subsp lactis V9	Bifidobacterium_animalis_subsp_lactis_V9	B. animalis subsp lactis V9	Bifidobacterium	animalis	lactis
BIF1	Bifidobacterium bifidum BGN4	Bifidobacterium_bifidum_BGN4	B. bifidum BGN4	Bifidobacterium	bifidum	NA
BRE1	Bifidobacterium breve 12L	Bifidobacterium_breve_12L	B. breve 12L	Bifidobacterium	breve	NA
BRE2	Bifidobacterium breve 689b	Bifidobacterium_breve_689b	B. breve 689b	Bifidobacterium	breve	NA
BRE3	Bifidobacterium breve ACS-071-V-Sch8b	Bifidobacterium_breve_ACS-071-V-Sch8b	B. breve ACS-071-V-Sch8b	Bifidobacterium	breve	NA
BRE4	Bifidobacterium breve JCM 7017	Bifidobacterium_breve_JCM_7017	B. breve JCM 7017	Bifidobacterium	breve	NA
BRE5	Bifidobacterium breve JCM 7019	Bifidobacterium_breve_JCM_7019	B. breve JCM 7019	Bifidobacterium	breve	NA
BRE6	Bifidobacterium breve JCP7499	Bifidobacterium_breve_JCP7499	B. breve JCP7499	Bifidobacterium	breve	NA
BRE7	Bifidobacterium breve NCFB 2258	Bifidobacterium_breve_NCFB_2258	B. breve NCFB 2258	Bifidobacterium	breve	NA
BRE8	Bifidobacterium breve S27	Bifidobacterium_breve_S27	B. breve S27	Bifidobacterium	breve	NA
BRE9	Bifidobacterium breve UCC2003	Bifidobacterium_breve_UCC2003	B. breve UCC2003	Bifidobacterium	breve	NA
LON1	Bifidobacterium longum NCC2705	Bifidobacterium_longum_NCC2705	B. longum NCC2705	Bifidobacterium	longum	NA
INF1	Bifidobacterium longum subsp infantis 157F	Bifidobacterium_longum_subsp_infantis_157F	B. longum subsp infantis 157F	Bifidobacterium	longum	infantis
LON2	Bifidobacterium longum subsp longum BBMN68	Bifidobacterium_longum_subsp_longum_BBMN68	B. longum subsp longum BBMN68	Bifidobacterium	longum	longum
LON3	Bifidobacterium longum subsp longum F8	Bifidobacterium_longum_subsp_longum_F8	B. longum subsp longum F8	Bifidobacterium	longum	longum
LON4	Bifidobacterium longum subsp longum JCM 1217	Bifidobacterium_longum_subsp_longum_JCM_1217	B. longum subsp longum JCM 1217	Bifidobacterium	longum	longum
THE1	Bifidobacterium thermophilum RBL67	Bifidobacterium_thermophilum_RBL67	B. thermophilum RBL67	Bifidobacterium	thermophilum	NA
